,name,price,item
0,Sony PlayStation 1 PS1 Games U Pick Choose Complete Rare Fun Rare Action Family,,Playstation 1
1,Afro Samurai PS3 Sony PlayStation 3 No Manual Tested!,,Playstation 1
2,Sony PlayStation PS Plus 12-Month / 1 Year Membership Subscription,31.99,Playstation 1
3,"Tokyo Xanadu EX+: Limited Edition (Sony PlayStation 4, 2017)",59.99,Playstation 1
4,PLAYSTATION 3 PS3 GAME SILENT HILL HD COLLECTION BRAND NEW SEALED,24.48,Playstation 1
5,"‚èÆÔ∏èWWF SmackDown‚è≠Ô∏è (Sony PlayStation 1, 2000) +complete+ ‚úì",,Playstation 1
6,"NBA ShootOut (Sony PlayStation 1, 1995) LONG BOX VERSION!¬† TESTED/WORKS!",44.0,Playstation 1
7,"Goal Storm (Sony PlayStation 1, 1995) LONG BOX!!¬† TESTED, WORKS GREAT!",32.0,Playstation 1
8,"Heavenly Sword (Sony PlayStation 3, 2007)",,Playstation 1
9,PlayStation 2 PS2 Games CIB Many Uncommon (Set #1)  **** You Choose ****,,Playstation 1
10,COOL BOARDERS 3 SONY PLAYSTATION 1 GAME GOOD USED CONDITION TESTED,5.0,Playstation 1
11,Grandia (Sony Playstation 1 PS1) Black Label Game - Complete Authentic,67.99,Playstation 1
12,Azure Dreams PlayStation 1 Rare PS1 Complete CIB w/ Manual CLEAN AND TESTED VG,107.95,Playstation 1
13,Sony PlayStation PS Plus 1 Year 12-Month Membership Subscription Card USA/Canada,31.99,Playstation 1
14,Chrono Cross [Sony PlayStation 1 PS1 Square Enix RPG 40 Characters Retro] NEW,21.99,Playstation 1
15,Sony Playstation 1 PS1 Console Authentic Controller Cables Tested See Descriptio,49.99,Playstation 1
16,"‚úÖ Sony PlayStation 1 SCPH-9001 Games, Controllers, Mem Cards, Rare EA Sports Bag",79.99,Playstation 1
17,"MediEvil (Sony PlayStation 1, 1998) Complete PS1",39.99,Playstation 1
18,"South Park Rally (Sony PlayStation 1, 1999)",6.0,Playstation 1
19,Grinch Sony PlayStation 1 PS1 CIB Complete In Box,38.0,Playstation 1
20,"Frank Thomas Big Hurt Baseball (Sony PlayStation 1, 1996) COMPLETE! WORKS GREAT!",61.0,Playstation 1
21,Konami Metal Gear Solid PlayStation 1 Game,,Playstation 1
22,"Tom Clancy's Splinter Cell: Trilogy (Sony PlayStation 3, 2011)",,Playstation 1
23,"Tennis Arena (Sony PlayStation 1, 1997)",1.99,Playstation 1
24,Viewtiful Joe 1 Sony Playstation 2 PS2 NEW Factory Sealed ,,Playstation 1
25,ORIGINAL SONY PLAYSTATION 1 PSONE RESIDENT EVIL Long Box  Very Rare!,129.99,Playstation 1
26,"Bubsy 3D (Sony PlayStation 1, 1997) Complete Black Label ",26.99,Playstation 1
27,Colin McRae Rally 2.0 PS1 COMPLETE CIB Sony PlayStation 1 Tested Working RARE ,54.99,Playstation 1
28,"Final Fantasy IX (PlayStation 1, 2000) PS1 Black Label Complete and Tested",22.99,Playstation 1
29,Cool Boarders 3 (Playstation 1 PS1) Factory Sealed NIB Original Black Label,89.99,Playstation 1
30,Fear Effect 2: Retro Helix (PlayStation PS1) with Original Case Tested Works,1.25,Playstation 1
31,Drakengard 3 - Playstation 3 Game,53.47,Playstation 1
32,Rogue Trip: Vacation 2012 (Sony PlayStation 1) - PS1 Free Shipping! ,,Playstation 1
33,Tobal 2 PlayStation PS1 Complete (Tobal No. 2),30.0,Playstation 1
34,Nier [Sony PlayStation 3 PS3] Square Enix Prequel Automata Brand NEW ,44.99,Playstation 1
35,Starblade Alpha Playstation 1 Game Case Instructions PS1 Long Box,575.0,Playstation 1
36,"Madden NFL 2000 (Sony PlayStation 1, 1999)",4.99,Playstation 1
37,Sony Playstation 1 Console Bundle With 2 Remotes & Game | Tested Working,109.95,Playstation 1
38,"ReBoot (Sony PlayStation 1, 1998) Great Condition CIB",,Playstation 1
39,"Chocobo Racing (PS1 PlayStation 1, 1999) w/ Original Case And Manual",69.99,Playstation 1
40,"MediEvil II 2 - Black Label (Sony PlayStation 1, PS1, 2000) Complete Tested",54.99,Playstation 1
41,"DEADPOOL (PlayStation 4) BRAND NEW, SEALED (2015)",,Playstation 1
42,Tobal No. 1 PlayStation PS1 Complete with Spine Card NTSC-J Japan Japanese,35.0,Playstation 1
43,PS Biohazard 1 & 2 & 3 game set Japan PlayStation 1 PS1,26.98,Playstation 1
44,"Resident Evil 3: Nemesis (PlayStation 1, PS1) ~Complete!",64.95,Playstation 1
45,Creatures Raised in Space (PlayStation 1 PS1),0.99,Playstation 1
46,"New! Hitman: Absolution [Professional Edition] (PlayStation 3, 2012)",59.98,Playstation 1
47,"Risk (PlayStation 1, 1998) ****TESTED****",10.0,Playstation 1
48,Final Fantasy XI Online (Sony PlayStation 2),,Playstation 1
49,"Silent Hill (PlayStation 1, 1999)",130.0,Playstation 1
50,FINAL FANTASY TACTICS VIDEO GAME - SONY PLAYSTATION / PS1 COMPLETE LW,17.99,Playstation 1
51,"Primal (Sony PlayStation 2, 2003) sealed with hang tag",,Playstation 1
52,"Hot Shots Golf 2 (Sony PlayStation 1, 2000)",4.99,Playstation 1
53,"PS1 Persona 1 , 2 INNOCENT SIN. & ETERNAL PUNISHMENT 3Games Japan PlayStation",73.99,Playstation 1
54,The Saboteur Playstation 3 PS3 - Complete,,Playstation 1
55,"Sony PlayStation PS1 Space Invaders 1999 COMPLETE, minor scratches ",,Playstation 1
56,NHL 1999 99 Lindros PlayStation PS1 Complete Tested Works - CIB FREE SHIP,8.99,Playstation 1
57,Sony PlayStation 1 with OEM Controller ,38.99,Playstation 1
58,Sony PlayStation 1 PS1 Console System Bundle w/ 2 Controllers SCPH-7501 ,59.99,Playstation 1
0,Sony Playstation 2 PS2 Video Game System Console Bundles ,149.99,Playstation 2
1,Original SONY PS2 Gaming System Bundle Black Video Game Console PLAYSTATION-2,120.0,Playstation 2
2,Sony Playstation 2 PS2 - SCPH-39001,,Playstation 2
3,Sony Playstation 2 Slim Black Console W/ Controller and Cords - Read Description,,Playstation 2
4,Sony PS3 Playstation 3 With 2 Controllers and Games,,Playstation 2
5,"Sony PS2 PlayStation 2 Slim Consoles + Games, Controllers, Memory ** You Pick **",,Playstation 2
6,Sony PlayStation 2 PS2 Slim BLACK scph-77001 3PC BUNDLE Tested Working!,69.99,Playstation 2
7,Sony Playstation 2 PS2 - SCPH-30001,,Playstation 2
8,"PlayStation 2 SCPH-30001 R PS2 Fat - 7 Games, 1 Controller - Tested - READ",,Playstation 2
9,2 WIRELESS CONTROLLERS Sony PS2 SLIM Game System Gaming Console PLAYSTATION-2,154.95,Playstation 2
10,Sony Playstation 2  with games and gamesharkTESTED AND WORKING,,Playstation 2
11,Sony Playstation 2 PS2 - SCPH-39001,,Playstation 2
12,PlayStation 2 PS2 Slim SCPH-77001 Bundle / Tested and Working,69.99,Playstation 2
13,Sony Playstation 2 PS2 Slim - SCPH-79001,,Playstation 2
14,Sony PlayStation 2 PS2 FAT Black Console Game System ONLY SCPH-30001 or 39001,59.99,Playstation 2
15,Sony PlayStation 2 Online Pack Console complete in box with sealed memory card,,Playstation 2
16,Sony Playstation 2 PS2 Slim - SCPH-75001,,Playstation 2
17,"Sony PlayStation 2 slim Console Bundle with 9 Games, 2 Controllers, memory card.",,Playstation 2
18,"Sony PlayStation 2 PS2 ""MINT"" Fat Console System Games and Accessory lot",,Playstation 2
19,OEM Sony PS2 SLIM Video Game System Gaming Bundle Console Set Playstation-2 Mini,139.95,Playstation 2
20,PlayStation 2 PS2 Slim Launch Edition Charcoal Black Console (SCPH-75001CB),,Playstation 2
21,Sony PlayStation 2 Slim (Silver) CIB COMPLETE IN BOX RARE TESTED & WORKING ,61.0,Playstation 2
22,Sony Playstation 2 PS2 Black Fat console with 1 Controller + Horizontal Stand,,Playstation 2
23,Sony PlayStation 2 Slim  PS2 Black Console with controller + Box + 9 games,,Playstation 2
24,PLAYSTATION 2 FAT PS2 2TB CUSTOM HDD FMCB w/ SATA ADAPTER,,Playstation 2
25,Sony Playstation 2 PS2 Fat SCPH-35001 w/ Memory Card@,,Playstation 2
26,"Sony Playstation 2 Slim (PS2) SILVER console  with box, games, controllers etc.",,Playstation 2
27,Fat Playstation 2 Bundle 23 Games Controller Memory Card ,,Playstation 2
28,"PS2 Playstation Console with all the hook-ups ,controller , HDD 40 Gb memory  ",,Playstation 2
29,"Playstation 2 Fat Console Bundle - PS2 Controller, 15 Games Memory Card Tested!",,Playstation 2
30,Sony PlayStation 2 Slim SCPH-75001 Launch Edition Charcoal Black Console,,Playstation 2
31,Sony Playstation 2 PS2 Slim - SCPH-75001,,Playstation 2
32,Sony PlayStation PS2 Gaming System Bundle Black Video Game Console,99.99,Playstation 2
33,Sony Playstation 2 Slim Bundle With 27 Games Controler Memory,,Playstation 2
34,Sony Playstation 2 PS2 Slim - SCPH-75001,,Playstation 2
35,Sony PlayStation 2 Slim Ceramic White Model SCPH-79001 CW Tested Working w/ Box,,Playstation 2
36,Sony PlayStation 2 Slim PS2 Console Bundle Black With 2 Controllers Tested,,Playstation 2
37,Sony PlayStation 2 Console SCPH-37000 Ocean Blue Color with BOX and Manual,200.0,Playstation 2
38,SONY PLAYSTATION 2 SLIM BLACK Complete Set with Box PAL Rare SCPH-90004 Console,298.5,Playstation 2
39,Sony PlayStation 2 Fat Console Bundle - TWO OEM Controllers!! Tested and Working,,Playstation 2
40,Sony playstation 2 ps2 fat console in original box with controller and mem card!,,Playstation 2
41,Ps2 Fat Console Bundle With 14 Games Tested Playstation 2,,Playstation 2
42,Sony PlayStation Launch Edition Gray Console SCPH-1001 7 Games 2 Controllers PS1,,Playstation 2
43,Sony PlayStation 2 Slim Launch Edition Charcoal Black Console Bundle(SCPH-77001),,Playstation 2
44,Playstation 2 PS2 Console Fat (SCPH-30001) With 2 Controllers and cables. ,74.99,Playstation 2
45,PlayStation 2 (PS2) Slim Launch Edition Black Console / System - SCPH-70001CB,,Playstation 2
46,"Sony Playstation 2 Slim SCPH-77001 w/ Accessories, 2x Controllers, 1x Game@",,Playstation 2
47,Sony Playstation 2 PS2 Slim Console SCPH-79001,,Playstation 2
48,Sony PlayStation 2 PS2 Slim Black Console + Cables Tested,,Playstation 2
49,Sony Playstation 2  PS2 Console only SCPH-37000 Ocean Blue ,134.98,Playstation 2
50,Sony Playstation 2 SCPH-39001 - Black - Console Only,59.95,Playstation 2
51,"PlayStation 2 SCPH-77006 PS2 Slim w/ Controller, 6 Games and 2 MemCards - Tested",,Playstation 2
52,Sony PlayStation 2 PS2 Fat Console System SCPH-39001 Bundle + 8 Gams + OEM Cable,40.0,Playstation 2
53,Sony Playstation 2 PS2 Slim - SCPH-70012,,Playstation 2
54,Playstation 2 Fat Console SCPH-30001 With Cables PS2 Lot [A1] TESTED WORKING,,Playstation 2
55,OEM Sony PS2 SLIM Video Game System Gaming Bundle Console Set Playstation 2,,Playstation 2
0,Sony PlayStation 3 Fat 80 GB Console Only Not Backwards Compatible Works,89.95,Playstation 3
1,Sony PlayStation 3 Fat 40 GB Console Only Not Backwards Compatible Works,79.95,Playstation 3
2,Sony Playstation 3 FAT 80GB Game Console CECHK01 Model Bundle,,Playstation 3
3,Sony PS3 Playstation 3 With 2 Controllers and Games,,Playstation 3
4,Sony Playstation 3 PS3 Super Slim CECH-4001C 500GB White 2 Controllers,,Playstation 3
5,PlayStation 3 PS3 CECH-2001A Slim 120GB Console W/ Box 7 Games+3 Cont TESTED ,,Playstation 3
6,Black Sony PlayStation 3 Slim Console - As Is Tested CECH-2001B,,Playstation 3
7,Sony PlayStation 3 PS3 Slim 120GB Console - TESTED - CECH-2001A (Console Only),,Playstation 3
8,MASSIVE PS3 80gb Backwards Compatible CECHE01 PlayStation Move Bundle + 29 Games,,Playstation 3
9,Black Sony PlayStation 3 Super Slim Console - As Is Tested No HDD,,Playstation 3
10,Sony PlayStation 3 80GB Black Console.  *TESTED AND WORKING*,,Playstation 3
11,Sony Playstation 3 PS3 Slim 320gb Console + 11 games,109.0,Playstation 3
12,Super Sony PlayStation 3 80GB Console + 8 Games + Controller +Cable :0),,Playstation 3
13,Sony PlayStation 3 PS3 Fat 40GB Black Console - TESTED- CECHG01 (Console Only) ,,Playstation 3
14,Sony PlayStation 3 Fat 60 GB CECHA01 Console Only Backwards Compatible Works,269.95,Playstation 3
15,80GB Sony PlayStation 3 PS3 - CECHL01,,Playstation 3
16,320GB Sony PlayStation 3 PS3 Slim - CECH-2501B,,Playstation 3
17,Sony PlayStation 2 PS2 Slim BLACK scph-77001 3PC BUNDLE Tested Working!,69.99,Playstation 3
18,Sony PlayStation 3 PS3 Slim CECH-3001B 320GB Console ( LOT 9003) ,47.0,Playstation 3
19,120GB Sony PlayStation 3 PS3 Slim - CECH-2001A,,Playstation 3
20,"Sony PlayStation 3 Slim 120GB PS3 Console, Controller, 4 Games CECH-2001A TESTED",,Playstation 3
21,Complete Sony PlayStation 3 120GB Black Console System in Box Works perfectly,54.0,Playstation 3
22,Sony PlayStation 3 - 150 GB - Black Console,,Playstation 3
23,"Sony PlayStation 3 Fat Console CECHL01 PS3, with Games and Controller. ",46.0,Playstation 3
24,3.55 OFW Official Firmware SONY PlayStation 3 PS3 Slim 120GB CECH 2001A Black,,Playstation 3
25,Playstation 3 Slim 160 gb/New In Box!!,,Playstation 3
26,Sony PlayStation 3 PS3 Super Slim System (250GB) TESTED AND WORKING! ,91.0,Playstation 3
27,Playstation 3 system REBUG CFW 4.86 multiman 1 TB w/ 2 controllers,,Playstation 3
28,"PlayStation 3 CECHE01 80GB Backwards Compatible w/2 Controllers, Remote Tested",,Playstation 3
29,160GB Sony PlayStation 3 PS3 Slim - CECH-3001A,,Playstation 3
30,PLAYSTATION 3 PS3 FAT CONSOLE,,Playstation 3
31,SONY PlayStation 3 PS3 Slim 120 GB System Console Bundle Lot 10 GAMES Controller,,Playstation 3
32,80gb PS3 backwards compatible Playstation 3 Works Well CECHE01,,Playstation 3
33,"PS3 Super Slim 500GB CECH-4001C & Controller, Cables, Sony PlayStation 3 Console",,Playstation 3
34,Sony PlayStation 3 PS3 Super Slim 500GB White Console W/ 2 Controller 8 Games,,Playstation 3
35,Sony Playstation 3 FAT 80GB CECHK01 Game Console,,Playstation 3
36,SONY PLAYSTATION 3 SLIM PS3 120GB W/ CONTROLLER & CABLES + 5 Games Black Ops 2!,113.5,Playstation 3
37,PS3 Sony Playstation 3 80gb Fully Backwards Compatible CECHE01 Bundle W/ Games,,Playstation 3
38,Sony PlayStation 3 PS3 Slim Console with Wireless Controller & Cables,184.99,Playstation 3
39,"1Playstation 3 Ps3 Console system 250gb, 320gb w/ 2 controllers, games FAST SHIP",199.99,Playstation 3
40,Sony PlayStation 3 Motorstorm bundle. Backwards Compatible 80GB Console in Box.,,Playstation 3
41,Sony Playstation PS3 80GB CECHE01 Backwards Compatible Console - Huge Bundle!,162.5,Playstation 3
42,"Sony PlayStation 3 Super Slim 500gb Console , 2 Wireless Controllers And 6...",,Playstation 3
43,Sony Playstation 3 80gb Backwards Compatible CECHE01 - Works - Console Only,,Playstation 3
44,Sony PlayStation 3 40GB Original Fat Launch Console (See Desc.),,Playstation 3
45,Sony Playstation 3 PS3 Slim 250GB Console Bundle - 25 Games 2 Controllers Tested,,Playstation 3
46,Sony PlayStation 3 250GB CECH-4001B Black Console Bundle 11 Games Tested Cords,,Playstation 3
47,Sony PlayStation 3 PS3 System & Games Lot ~ 60 Games ~ MY Personal Collection!!,99.99,Playstation 3
48,PlayStation 3 PS3 Slim 120GB Console Custom Firmware Controller HDMI CECH-2001A,,Playstation 3
49,Sony PlayStation 3 CECHE01 80 GB Backward Compatible 1 Game 1 Controller,94.0,Playstation 3
50,Sony PlayStation 3 Slim 120GB Charcoal Black Console System (CECH-2001A) PS3,,Playstation 3
51,Sony PlayStation 3 Slim Charcoal Black Console CECH-2501A,,Playstation 3
52,Sony Playstation 3 FAT 80GB CECHE01 PS2 Backwards Compatible Game Console Rare,,Playstation 3
53,"Sony Playstation 3 PS3 Slim 160 GB Console Bundle - 10 Games, Controller, Tested",,Playstation 3
54,Sony PlayStation PS3 80GB Backwards Compatible CECHE01 Tested READ DESCRIPTION,219.99,Playstation 3
55,Sony PlayStation 3 Slim Bundle 250GB Black Console CECH-2001B w/Controller,,Playstation 3
56,Sony PlayStation 3 PS3 Console Super Slim with Wireless Controller,164.99,Playstation 3
57,Sony PlayStation 3 Slim Launch Edition 120GB Charcoal Black Console (CECH-2001A),149.99,Playstation 3
0,Sony PlayStation 4 (PS4) Slim 1tb Jet Black Console w/ accessories!  LIMITED QTY,309.99,Playstation 4
1,Sony PlayStation 4 PS4 Pro 1TB 4K Console - Black,349.99,Playstation 4
2,NEW Sony PlayStation PS4 1TB Slim Gaming Console Black - CUH-2215B,349.0,Playstation 4
3,Sony PlayStation 4 Slim 1TB Jet Black Home Console,285.0,Playstation 4
4,Sony PlayStation 4 CUH-1001A 500 GB Gaming Console - Black - TESTED ,,Playstation 4
5,‚úÖ‚úÖ Sony PlayStation 4 Slim 1TB Jet Black Console PS4 CUH-2215B - Free Shipping,387.99,Playstation 4
6,Sony PlayStation 4 Pro 1TB Console - Black,162.5,Playstation 4
7,"Sony PlayStation 4 Console 500GB , PS4 Camera & 4 Games",232.5,Playstation 4
8, New Sony PlayStation 4 Slim 1TB Jet Black Home Console CUH-2215B fast shipping ,379.95,Playstation 4
9,Sony PlayStation 4 1TB  - Controller Charging Dock / 2 Controllers /11 Games,335.0,Playstation 4
10,Sony PlayStation 4 Pro PS4 1TB Jet Black Console tested and working console only,,Playstation 4
11,Sony PlayStation 4 Pro 1TB 4K Console - Jet Black W/ 2019 MLB The Show,167.5,Playstation 4
12,New Sony PlayStation 4 Slim 1TB Console - Jet Black ,359.99,Playstation 4
13,"Sony PlayStation 4 Pro STAR WARS: Battlefront II Limited Edition Bundle, 1TB,...",200.0,Playstation 4
14,Sony Playstation 4 Pro Death Stranding Limited Edition Buy It Now!,,Playstation 4
15,Sony PlayStation 4 PS4 Slim 1TB Jet Black Console (CUH-2215B)- extra controller,202.5,Playstation 4
16,Sony PlayStation 4 1TB Glacier White Console - Destiny Bundle,,Playstation 4
17,Sony Playstation 4 Star Wars Battlefront LE W/Xtra Controllers and Games PS4,152.52,Playstation 4
18,Sony PlayStation 4 Pro  1TB Console - Jet Black,,Playstation 4
19,Sony PlayStation 4 1TB Call of Duty Black Ops III Limited Edition,,Playstation 4
20,"Sony PlayStation 4 üéÆ500gb games , work great üòå ‚ÄºÔ∏è‚ÄºÔ∏è",175.5,Playstation 4
21,Sony PlayStation 4 500GB Jet Black Console. 3 games. 1 controller.,275.0,Playstation 4
22,Sony PlayStation 4 Pro 1TB Console - Black With Controller Tested,,Playstation 4
23,Sony PlayStation 4 500GB Jet Black Console Great Condition.,,Playstation 4
24,Sony PlayStation 4 Slim 500GB Jet Black Home Console,275.0,Playstation 4
25,Sony PlayStation 4 500GB PS4 Black Console - W/ 1 Controller Works Great,,Playstation 4
26,Sony PlayStation 4 Pro 1TB Jet Black Console with games,,Playstation 4
27,Sony PlayStation 4 Slim 1TB Console - Jet Black STILL SEALED,175.5,Playstation 4
28,PlayStation 4 Pro Spider-Man Sony PS4 1TB Console - Complete w/ 3 Games,,Playstation 4
29,Sony PlayStation 4 Slim 1TB Console - Jet Black Firmware 5.05,,Playstation 4
30,Sony PlayStation 4¬† 500GB¬† Console Batman Arkham Knight Limited Edition +3 games,,Playstation 4
31,Sony PlayStation 4 Slim 1TB Jet Black Home Console,150.0,Playstation 4
32,Sony PlayStation 4 Slim + Controller Bundle SELECT YOUR PS4 GAMES WIDE VARIETY! ,,Playstation 4
33,"Sony PlayStation 4 CUH-1001A 500 GB with controller (Tested, Works Great)",,Playstation 4
34,Sony PlayStation 4 Slim 1TB Console - Jet Black with 4 games,,Playstation 4
35,PlayStation 4 500GB Black Console - TESTED WORKS GREAT - SHIPS NOW,,Playstation 4
36,Sony PlayStation 4 PS4 Pro 1TB Console with game God of war edition Leviathan,,Playstation 4
37,Sony PlayStation 4 Slim 1TB Jet Black Home Console,242.0,Playstation 4
38,NEW Sony PlayStation PS4 1TB Slim Gaming Console Black - CUH-2215B,,Playstation 4
39,Sony PlayStation 4 PS4 Pro 1TB 4K Console - Black,375.0,Playstation 4
40,1TB PLAYSTATION 4 PRO RED DEAD REDEMPTION 2 SYSTEM BUNDLE [SONY],193.5,Playstation 4
41,"Playstation 4 (PS4) Slim 1TB Console with Controller, All Cables and Retail Box",,Playstation 4
42,PlayStation 4 1TB Console,205.0,Playstation 4
43,Sony PS Vita Handheld PlayStation PCH-1001 - 4 Games - 8GB Memory Card Extra Bat,,Playstation 4
44,Playstation 4 (PS4) Console with Two controllers 500GB,,Playstation 4
45,Sony PlayStation 4 PS4 500GB Launch Console EX - Black - Firmware 6.72 Jailbreak,,Playstation 4
46,Sony PlayStation 4 Pro 1TB Console - Black,350.0,Playstation 4
47,Sony PlayStation 4 Pro 1TB Console - Black ,,Playstation 4
48,Sony PlayStation 4 Slim Days of Play Limited Edition 1TB Video Game Console Blue,,Playstation 4
49,Sony PlayStation 4 Pro 1TB Console - Black PS4,285.0,Playstation 4
50,Sony Gold PS4 PlayStation 4 Slim Limited Edition 1TB Gaming Console,199.99,Playstation 4
51,Sony PlayStation 4 CUH-1001A 500 GB Gaming Console only - Black,210.68,Playstation 4
52,Sony PlayStation 4 PS4 Slim 1TB Console CUH-2115B Jet Black Bundle,182.5,Playstation 4
53,Sony PlayStation 4 PS4 Pro 2TB 4K Console - Black with 11 games bundled,350.0,Playstation 4
54,Monster Hunter World PlayStation 4 Pro Rathalos Edition ps4 1TB Console ,240.0,Playstation 4
55,"Sony PlayStation 4 Slim 1TB Game Console - Black, w controller, hdmi, and power ",138.0,Playstation 4
56,[Used] Sony PlayStation 4 Pro 1TB (Jet Black) CUH-7115B w/ Marvel's Spider-Man,170.5,Playstation 4
57,"Sony PlayStation 4 PS4 CUH-1115A 500GB Jet Black Console, 10 games 2 controllers",251.5,Playstation 4
58,PlayStation 4 1TB Console Jet Black CUH-2215B - BRAND NEW SHIPS FAST,344.99,Playstation 4
59,Sony PlayStation 4 (PS4) 500GB Jet Black Console,209.5,Playstation 4
60,PlayStation 4 Call of Duty: Black Ops III 3 Limited Edition 1TB Console Bundle !,,Playstation 4
61,Sony PlayStation 4 BATMAN ARKHAM KNIGHT Edition with extra controller and games!,375.0,Playstation 4
